{
    "config": "/work/yl407/SegNeXt/local_configs/segnext/large/segnext.large.512x512.voc.40k.py",
    "metric": {
        "aAcc": 0.9412,
        "mIoU": 0.7395999999999999,
        "mAcc": 0.8408,
        "IoU.background": 0.9412000274658203,
        "IoU.aeroplane": 0.9068000030517578,
        "IoU.bicycle": 0.6284000015258789,
        "IoU.bird": 0.8741000366210937,
        "IoU.boat": 0.7426000213623047,
        "IoU.bottle": 0.8087999725341797,
        "IoU.bus": 0.8708000183105469,
        "IoU.car": 0.8866000366210938,
        "IoU.cat": 0.8752999877929688,
        "IoU.chair": 0.29959999084472655,
        "IoU.cow": 0.7873999786376953,
        "IoU.diningtable": 0.48720001220703124,
        "IoU.dog": 0.8095999908447266,
        "IoU.horse": 0.7380000305175781,
        "IoU.motorbike": 0.81,
        "IoU.person": 0.8247000122070313,
        "IoU.pottedplant": 0.6072000122070312,
        "IoU.sheep": 0.7433999633789062,
        "IoU.sofa": 0.4225,
        "IoU.train": 0.7730999755859375,
        "IoU.tvmonitor": 0.6944000244140625,
        "Acc.background": 0.967699966430664,
        "Acc.aeroplane": 0.9458999633789062,
        "Acc.bicycle": 0.8011000061035156,
        "Acc.bird": 0.935,
        "Acc.boat": 0.7862000274658203,
        "Acc.bottle": 0.9169000244140625,
        "Acc.bus": 0.9037999725341797,
        "Acc.car": 0.9370999908447266,
        "Acc.cat": 0.9437999725341797,
        "Acc.chair": 0.3738000106811523,
        "Acc.cow": 0.892300033569336,
        "Acc.diningtable": 0.6613999938964844,
        "Acc.dog": 0.8723999786376954,
        "Acc.horse": 0.8566999816894532,
        "Acc.motorbike": 0.8869000244140625,
        "Acc.person": 0.95,
        "Acc.pottedplant": 0.8040000152587891,
        "Acc.sheep": 0.8676000213623047,
        "Acc.sofa": 0.5827000045776367,
        "Acc.train": 0.9187000274658204,
        "Acc.tvmonitor": 0.8538999938964844
    }
}