{
    "config": "/work/yl407/SegNeXt/local_configs/segnext/large/segnext.large.512x512.voc.40k.py",
    "metric": {
        "aAcc": 0.9676,
        "mIoU": 0.8597,
        "mAcc": 0.9148999999999999,
        "IoU.background": 0.9662000274658203,
        "IoU.aeroplane": 0.9094999694824218,
        "IoU.bicycle": 0.7387999725341797,
        "IoU.bird": 0.9262999725341797,
        "IoU.boat": 0.89,
        "IoU.bottle": 0.8755000305175781,
        "IoU.bus": 0.9387999725341797,
        "IoU.car": 0.9062999725341797,
        "IoU.cat": 0.9226000213623047,
        "IoU.chair": 0.6536000061035157,
        "IoU.cow": 0.8577999877929687,
        "IoU.diningtable": 0.8590000152587891,
        "IoU.dog": 0.9144000244140625,
        "IoU.horse": 0.9327999877929688,
        "IoU.motorbike": 0.8619999694824219,
        "IoU.person": 0.8637000274658203,
        "IoU.pottedplant": 0.7629000091552735,
        "IoU.sheep": 0.8608999633789063,
        "IoU.sofa": 0.7191000366210938,
        "IoU.train": 0.8305000305175781,
        "IoU.tvmonitor": 0.8623000335693359,
        "Acc.background": 0.9843000030517578,
        "Acc.aeroplane": 0.9459999847412109,
        "Acc.bicycle": 0.8483000183105469,
        "Acc.bird": 0.9591000366210938,
        "Acc.boat": 0.9086000061035157,
        "Acc.bottle": 0.9391000366210938,
        "Acc.bus": 0.9648999786376953,
        "Acc.car": 0.9606999969482422,
        "Acc.cat": 0.9480000305175781,
        "Acc.chair": 0.7319000244140625,
        "Acc.cow": 0.9580999755859375,
        "Acc.diningtable": 0.9083000183105469,
        "Acc.dog": 0.9561000061035156,
        "Acc.horse": 0.9558999633789063,
        "Acc.motorbike": 0.9045999908447265,
        "Acc.person": 0.9681999969482422,
        "Acc.pottedplant": 0.9180999755859375,
        "Acc.sheep": 0.8751000213623047,
        "Acc.sofa": 0.7968000030517578,
        "Acc.train": 0.8641999816894531,
        "Acc.tvmonitor": 0.9158000183105469
    }
}