{
    "config": "/work/yl407/SegNeXt/local_configs/segnext/large/segnext.large.512x512.voc.40k_sub_nopre.py",
    "metric": {
        "aAcc": 0.7248,
        "mIoU": 0.20679999999999998,
        "mAcc": 0.3121,
        "IoU.background": 0.7655999755859375,
        "IoU.aeroplane": 0.11800000190734863,
        "IoU.bicycle": 0.017000000476837158,
        "IoU.bird": 0.1331999969482422,
        "IoU.boat": 0.03869999885559082,
        "IoU.bottle": 0.0,
        "IoU.bus": 0.21639999389648437,
        "IoU.car": 0.3427000045776367,
        "IoU.cat": 0.2663999938964844,
        "IoU.chair": 0.13100000381469726,
        "IoU.cow": 0.27149999618530274,
        "IoU.diningtable": 0.06940000057220459,
        "IoU.dog": 0.09989999771118165,
        "IoU.horse": 0.23340000152587892,
        "IoU.motorbike": 0.34299999237060547,
        "IoU.person": 0.25959999084472657,
        "IoU.pottedplant": 0.18469999313354493,
        "IoU.sheep": 0.20879999160766602,
        "IoU.sofa": 0.0,
        "IoU.train": 0.22969999313354492,
        "IoU.tvmonitor": 0.4127000045776367,
        "Acc.background": 0.8758999633789063,
        "Acc.aeroplane": 0.12180000305175781,
        "Acc.bicycle": 0.022100000381469725,
        "Acc.bird": 0.1534000015258789,
        "Acc.boat": 0.05070000171661377,
        "Acc.bottle": 0.0,
        "Acc.bus": 0.2656999969482422,
        "Acc.car": 0.7893000030517578,
        "Acc.cat": 0.32310001373291014,
        "Acc.chair": 0.13359999656677246,
        "Acc.cow": 0.5434000015258789,
        "Acc.diningtable": 0.06960000038146973,
        "Acc.dog": 0.47650001525878904,
        "Acc.horse": 0.2359000015258789,
        "Acc.motorbike": 0.7473000335693359,
        "Acc.person": 0.46299999237060546,
        "Acc.pottedplant": 0.18829999923706053,
        "Acc.sheep": 0.2584000015258789,
        "Acc.sofa": 0.0,
        "Acc.train": 0.2635000038146973,
        "Acc.tvmonitor": 0.572599983215332
    }
}