{
    "config": "/work/yl407/SegNeXt/local_configs/segnext/large/segnext.large.512x512.voc.40k_sub_nopre.py",
    "metric": {
        "aAcc": 0.6803,
        "mIoU": 0.08470000000000001,
        "mAcc": 0.142,
        "IoU.background": 0.7412999725341797,
        "IoU.aeroplane": 0.04130000114440918,
        "IoU.bicycle": 0.004799999892711639,
        "IoU.bird": 0.03009999990463257,
        "IoU.boat": 0.012999999523162841,
        "IoU.bottle": 0.01759999990463257,
        "IoU.bus": 0.02369999885559082,
        "IoU.car": 0.13890000343322753,
        "IoU.cat": 0.081899995803833,
        "IoU.chair": 0.0,
        "IoU.cow": 0.0884000015258789,
        "IoU.diningtable": 0.0044999998807907105,
        "IoU.dog": 0.11350000381469727,
        "IoU.horse": 0.03259999990463257,
        "IoU.motorbike": 0.12170000076293945,
        "IoU.person": 0.20450000762939452,
        "IoU.pottedplant": 0.032200000286102294,
        "IoU.sheep": 0.02700000047683716,
        "IoU.sofa": 9.999999776482581e-05,
        "IoU.train": 0.03200000047683716,
        "IoU.tvmonitor": 0.029600000381469725,
        "Acc.background": 0.8683999633789062,
        "Acc.aeroplane": 0.05380000114440918,
        "Acc.bicycle": 0.006200000047683716,
        "Acc.bird": 0.03740000009536743,
        "Acc.boat": 0.016799999475479124,
        "Acc.bottle": 0.020399999618530274,
        "Acc.bus": 0.03920000076293945,
        "Acc.car": 0.3509000015258789,
        "Acc.cat": 0.11140000343322753,
        "Acc.chair": 0.0,
        "Acc.cow": 0.14539999961853028,
        "Acc.diningtable": 0.0044999998807907105,
        "Acc.dog": 0.3388999938964844,
        "Acc.horse": 0.035499999523162844,
        "Acc.motorbike": 0.38790000915527345,
        "Acc.person": 0.3754999923706055,
        "Acc.pottedplant": 0.03619999885559082,
        "Acc.sheep": 0.04489999771118164,
        "Acc.sofa": 9.999999776482581e-05,
        "Acc.train": 0.053400001525878905,
        "Acc.tvmonitor": 0.05570000171661377
    }
}