{
    "config": "/work/yl407/SegNeXt/local_configs/segnext/large/segnext.large.512x512.voc.40k_sub.py",
    "metric": {
        "aAcc": 0.9209,
        "mIoU": 0.6395000000000001,
        "mAcc": 0.7351000000000001,
        "IoU.background": 0.9241999816894532,
        "IoU.aeroplane": 0.821500015258789,
        "IoU.bicycle": 0.6011000061035157,
        "IoU.bird": 0.7643000030517578,
        "IoU.boat": 0.5381000137329102,
        "IoU.bottle": 0.6855999755859375,
        "IoU.bus": 0.7066999816894531,
        "IoU.car": 0.8091999816894532,
        "IoU.cat": 0.8072000122070313,
        "IoU.chair": 0.24170000076293946,
        "IoU.cow": 0.6847000122070312,
        "IoU.diningtable": 0.5279000091552735,
        "IoU.dog": 0.6826999664306641,
        "IoU.horse": 0.6313000106811524,
        "IoU.motorbike": 0.7327999877929687,
        "IoU.person": 0.7980000305175782,
        "IoU.pottedplant": 0.36770000457763674,
        "IoU.sheep": 0.6081999969482422,
        "IoU.sofa": 0.20190000534057617,
        "IoU.train": 0.6476000213623047,
        "IoU.tvmonitor": 0.647300033569336,
        "Acc.background": 0.9787999725341797,
        "Acc.aeroplane": 0.9437000274658203,
        "Acc.bicycle": 0.7497000122070312,
        "Acc.bird": 0.8286000061035156,
        "Acc.boat": 0.5513000106811523,
        "Acc.bottle": 0.7638999938964843,
        "Acc.bus": 0.8344999694824219,
        "Acc.car": 0.9520999908447265,
        "Acc.cat": 0.860999984741211,
        "Acc.chair": 0.2818000030517578,
        "Acc.cow": 0.7586000061035156,
        "Acc.diningtable": 0.6556999969482422,
        "Acc.dog": 0.7883999633789063,
        "Acc.horse": 0.7555000305175781,
        "Acc.motorbike": 0.8254000091552735,
        "Acc.person": 0.8587000274658203,
        "Acc.pottedplant": 0.47389999389648435,
        "Acc.sheep": 0.9354000091552734,
        "Acc.sofa": 0.23739999771118164,
        "Acc.train": 0.7125,
        "Acc.tvmonitor": 0.6898999786376954
    }
}