{
    "config": "/work/yl407/SegNeXt/local_configs/segnext/large/segnext.large.512x512.voc.40k_sub.py",
    "metric": {
        "aAcc": 0.9845999999999999,
        "mIoU": 0.9339,
        "mAcc": 0.9526,
        "IoU.background": 0.9833999633789062,
        "IoU.aeroplane": 0.9652999877929688,
        "IoU.bicycle": 0.8369999694824218,
        "IoU.bird": 0.773499984741211,
        "IoU.boat": 0.9431999969482422,
        "IoU.bottle": 0.9501999664306641,
        "IoU.bus": 0.9723000335693359,
        "IoU.car": 0.9791999816894531,
        "IoU.cat": 0.9723000335693359,
        "IoU.chair": 0.9227999877929688,
        "IoU.cow": 0.9758999633789063,
        "IoU.diningtable": 0.9651999664306641,
        "IoU.dog": 0.9741000366210938,
        "IoU.horse": 0.9584999847412109,
        "IoU.motorbike": 0.9502999877929688,
        "IoU.person": 0.9566999816894531,
        "IoU.pottedplant": 0.904000015258789,
        "IoU.sheep": 0.9712000274658203,
        "IoU.sofa": 0.9376000213623047,
        "IoU.train": 0.7609999847412109,
        "IoU.tvmonitor": 0.9584999847412109,
        "Acc.background": 0.9969999694824219,
        "Acc.aeroplane": 0.9686000061035156,
        "Acc.bicycle": 0.8993000030517578,
        "Acc.bird": 0.7787000274658203,
        "Acc.boat": 0.9554000091552735,
        "Acc.bottle": 0.9670999908447265,
        "Acc.bus": 0.9770999908447265,
        "Acc.car": 0.9833000183105469,
        "Acc.cat": 0.9772000122070312,
        "Acc.chair": 0.9408999633789062,
        "Acc.cow": 0.9787999725341797,
        "Acc.diningtable": 0.969800033569336,
        "Acc.dog": 0.9856999969482422,
        "Acc.horse": 0.9698999786376953,
        "Acc.motorbike": 0.970999984741211,
        "Acc.person": 0.9701000213623047,
        "Acc.pottedplant": 0.9362000274658203,
        "Acc.sheep": 0.982699966430664,
        "Acc.sofa": 0.9687999725341797,
        "Acc.train": 0.8633000183105469,
        "Acc.tvmonitor": 0.9630000305175781
    }
}