{
    "config": "/work/yl407/SegNeXt/local_configs/segnext/large/segnext.large.512x512.voc.40k_sub.py",
    "metric": {
        "aAcc": 0.9209999999999999,
        "mIoU": 0.64,
        "mAcc": 0.7358,
        "IoU.background": 0.9241999816894532,
        "IoU.aeroplane": 0.8202999877929688,
        "IoU.bicycle": 0.5997000122070313,
        "IoU.bird": 0.7659999847412109,
        "IoU.boat": 0.537599983215332,
        "IoU.bottle": 0.6820999908447266,
        "IoU.bus": 0.6983999633789062,
        "IoU.car": 0.8086000061035157,
        "IoU.cat": 0.8073999786376953,
        "IoU.chair": 0.2506999969482422,
        "IoU.cow": 0.6966999816894531,
        "IoU.diningtable": 0.5320000076293945,
        "IoU.dog": 0.6838999938964844,
        "IoU.horse": 0.6336000061035156,
        "IoU.motorbike": 0.7319000244140625,
        "IoU.person": 0.7986000061035157,
        "IoU.pottedplant": 0.3715999984741211,
        "IoU.sheep": 0.6038000106811523,
        "IoU.sofa": 0.20180000305175783,
        "IoU.train": 0.6419999694824219,
        "IoU.tvmonitor": 0.6491000366210937,
        "Acc.background": 0.9787000274658203,
        "Acc.aeroplane": 0.9437999725341797,
        "Acc.bicycle": 0.7445999908447266,
        "Acc.bird": 0.8311000061035156,
        "Acc.boat": 0.5513999938964844,
        "Acc.bottle": 0.7601000213623047,
        "Acc.bus": 0.8270999908447265,
        "Acc.car": 0.950999984741211,
        "Acc.cat": 0.862699966430664,
        "Acc.chair": 0.28989999771118163,
        "Acc.cow": 0.7651000213623047,
        "Acc.diningtable": 0.6611000061035156,
        "Acc.dog": 0.7879000091552735,
        "Acc.horse": 0.7559999847412109,
        "Acc.motorbike": 0.825999984741211,
        "Acc.person": 0.8602999877929688,
        "Acc.pottedplant": 0.4761000061035156,
        "Acc.sheep": 0.9376000213623047,
        "Acc.sofa": 0.23659999847412108,
        "Acc.train": 0.7101999664306641,
        "Acc.tvmonitor": 0.6951999664306641
    }
}