{
    "config": "/work/yl407/SegNeXt/local_configs/segnext/large/segnext.large.512x512.landcover.40k_weight.py",
    "metric": {
        "aAcc": 0.8998999999999999,
        "mIoU": 0.6938,
        "mAcc": 0.8538,
        "IoU.background": 0.852699966430664,
        "IoU.building": 0.6654000091552734,
        "IoU.woodland": 0.8422000122070312,
        "IoU.water": 0.592599983215332,
        "IoU.road": 0.5161000061035156,
        "Acc.background": 0.9008000183105469,
        "Acc.building": 0.8687999725341797,
        "Acc.woodland": 0.9016000366210938,
        "Acc.water": 0.9695999908447266,
        "Acc.road": 0.6281000137329101
    }
}